-------------------------------------------,,,,
"
Gakusen Toshi Asterisk – Tome 7 – Chapitre 1 – Partie 2
",Gakusen Toshi Asterisk – Tome 7 – Chapitre 1 – Partie 2,https://noveldeglace.com/category/gakusen-toshi-asterisk/,https://img.noveldeglace.com/2018/10/Gakusen-Toshi-Asterisk-Image_a_la_une-Tome-07-500x250.png,"Il est temps de finir ce jeudi, cela sera une sortie pour le roman : Gakusen Toshi Asterisk."
"
Saikyou Mahoushi no Inton Keikaku LN – Tome 8 – Chapitre 43 – Partie 3
",Saikyou Mahoushi no Inton Keikaku LN – Tome 8 – Chapitre 43 – Partie 3,https://noveldeglace.com/category/saikyou-mahoushi-no-inton-keikaku/,https://img.noveldeglace.com/2023/12/Saikyou-Mahoushi-no-Inton-Keikaku-Image-a-la-une-Tome-08.png,"Il est temps de passer avec la prochaine sortie pour ce jeudi, avec du : Saikyou Mahoushi no Inton Keikaku (LN)."
"
Kimi to Boku no Saigo no Senjo – Tome 7 – Chapitre 6 – Partie 1
",Kimi to Boku no Saigo no Senjo – Tome 7 – Chapitre 6 – Partie 1,https://noveldeglace.com/category/kimi-to-boku-no-saigo-no-senjo/,https://img.noveldeglace.com/2020/02/Kimi-to-Boku-no-Saigo-no-Senjo-Image-à-la-Une-Tome-07-500x250.png,Et la prochaine publication pour ce jeudi sera pour le roman : Kimi to Boku no Saigo no Senjo.
"
Une vie en prison est facile pour une Vilaine – Tome 2 – Chapitre 45 – Partie 1
",Une vie en prison est facile pour une Vilaine – Tome 2 – Chapitre 45 – Partie 1,https://noveldeglace.com/category/une-vie-en-prison-est-facile-pour-une-vilaine/,https://img.noveldeglace.com/2022/12/Une-vie-en-prison-est-facile-pour-une-Vilaine-Image-a-la-une-Tome-02-500x250.png,Passons maintenant avec une sortie pour : Une vie en prison est facile pour une Vilaine.
"
Mushoku Tensei (LN) – Tome 13 – Chapitre 10 – Partie 1
",Mushoku Tensei (LN) – Tome 13 – Chapitre 10 – Partie 1,https://noveldeglace.com/category/mushoku-tensei/,https://img.noveldeglace.com/2021/01/mushoku_tensei_image_a_la_une_tome_13.png,"Bonjour. Comme toujours pour un jeudi, voici du : Mushoku Tensei (LN)."
"
Monster no Goshujin-sama (LN) – Tome  6 – Chapitre 18
",Monster no Goshujin-sama (LN) – Tome  6 – Chapitre 18,https://noveldeglace.com/category/monster-no-goshujin-sama/,https://img.noveldeglace.com/2021/01/Monster_no_Goshujin_sama_A_La_Une-Tome-6-500x250.png,"Afin de clore ce mercredi, voici une sortie pour le roman : Monster no Goshujin-sama (LN)."
"
Shiniki no Campiones – Tome 5 – Chapitre 4 – Partie 5
",Shiniki no Campiones – Tome 5 – Chapitre 4 – Partie 5,https://noveldeglace.com/category/shiniki-no-campiones/,https://img.noveldeglace.com/2019/01/Shiniki-no-Campiones-Image-a-la-une-Tome-05-500x250.png,"Bonjour. Comme toujours pour un mercredi, voici du : Shiniki no Campiones."
"
Réincarné en mercenaire de l’espace – Tome 4 – Illustrations
",Réincarné en mercenaire de l’espace – Tome 4 – Illustrations,https://noveldeglace.com/category/fin-de-tome/,https://img.noveldeglace.com/2021/06/Reincarne-en-mercenaire-de-lespace-Image-a-la-une-Tome-04-500x250.png,"Il est temps de finir la journée, avec du : Réincarné en mercenaire de l’espace."
"
Réincarné en mercenaire de l’espace – Tome 4 – Histoire bonus – Partie 5
",Réincarné en mercenaire de l’espace – Tome 4 – Histoire bonus – Partie 5,https://noveldeglace.com/category/reincarne-en-mercenaire-de-lespace/,https://img.noveldeglace.com/2021/06/Reincarne-en-mercenaire-de-lespace-Image-a-la-une-Tome-04-500x250.png,"Ce mardi n’est pas encore fini, alors passons sur une sortie pour le roman : Réincarné en mercenaire de l’espace."
"
Je suis le Seigneur maléfique d’un empire intergalactique ! – Tome 4 – Chapitre 2 – Partie 2
",Je suis le Seigneur maléfique d’un empire intergalactique ! – Tome 4 – Chapitre 2 – Partie 2,https://noveldeglace.com/category/je-suis-le-seigneur-malefique-dun-empire-intergalactique/,https://img.noveldeglace.com/2023/03/Je-suis-le-Seigneur-malefique-dun-empire-intergalactique-_-Image-a-la-une-Tome-04-500x250.png,"Comme tous les mardi, voici une sortie pour : Je suis le Seigneur maléfique d’un empire intergalactique !."
-------------------------------------------,,,,
"
Gakusen Toshi Asterisk – Tome 7 – Chapitre 1 – Partie 2
",Gakusen Toshi Asterisk – Tome 7 – Chapitre 1 – Partie 2,https://noveldeglace.com/category/gakusen-toshi-asterisk/,https://img.noveldeglace.com/2018/10/Gakusen-Toshi-Asterisk-Image_a_la_une-Tome-07-500x250.png,"Il est temps de finir ce jeudi, cela sera une sortie pour le roman : Gakusen Toshi Asterisk."
"
Saikyou Mahoushi no Inton Keikaku LN – Tome 8 – Chapitre 43 – Partie 3
",Saikyou Mahoushi no Inton Keikaku LN – Tome 8 – Chapitre 43 – Partie 3,https://noveldeglace.com/category/saikyou-mahoushi-no-inton-keikaku/,https://img.noveldeglace.com/2023/12/Saikyou-Mahoushi-no-Inton-Keikaku-Image-a-la-une-Tome-08.png,"Il est temps de passer avec la prochaine sortie pour ce jeudi, avec du : Saikyou Mahoushi no Inton Keikaku (LN)."
"
Kimi to Boku no Saigo no Senjo – Tome 7 – Chapitre 6 – Partie 1
",Kimi to Boku no Saigo no Senjo – Tome 7 – Chapitre 6 – Partie 1,https://noveldeglace.com/category/kimi-to-boku-no-saigo-no-senjo/,https://img.noveldeglace.com/2020/02/Kimi-to-Boku-no-Saigo-no-Senjo-Image-à-la-Une-Tome-07-500x250.png,Et la prochaine publication pour ce jeudi sera pour le roman : Kimi to Boku no Saigo no Senjo.
"
Une vie en prison est facile pour une Vilaine – Tome 2 – Chapitre 45 – Partie 1
",Une vie en prison est facile pour une Vilaine – Tome 2 – Chapitre 45 – Partie 1,https://noveldeglace.com/category/une-vie-en-prison-est-facile-pour-une-vilaine/,https://img.noveldeglace.com/2022/12/Une-vie-en-prison-est-facile-pour-une-Vilaine-Image-a-la-une-Tome-02-500x250.png,Passons maintenant avec une sortie pour : Une vie en prison est facile pour une Vilaine.
"
Mushoku Tensei (LN) – Tome 13 – Chapitre 10 – Partie 1
",Mushoku Tensei (LN) – Tome 13 – Chapitre 10 – Partie 1,https://noveldeglace.com/category/mushoku-tensei/,https://img.noveldeglace.com/2021/01/mushoku_tensei_image_a_la_une_tome_13.png,"Bonjour. Comme toujours pour un jeudi, voici du : Mushoku Tensei (LN)."
"
Monster no Goshujin-sama (LN) – Tome  6 – Chapitre 18
",Monster no Goshujin-sama (LN) – Tome  6 – Chapitre 18,https://noveldeglace.com/category/monster-no-goshujin-sama/,https://img.noveldeglace.com/2021/01/Monster_no_Goshujin_sama_A_La_Une-Tome-6-500x250.png,"Afin de clore ce mercredi, voici une sortie pour le roman : Monster no Goshujin-sama (LN)."
"
Shiniki no Campiones – Tome 5 – Chapitre 4 – Partie 5
",Shiniki no Campiones – Tome 5 – Chapitre 4 – Partie 5,https://noveldeglace.com/category/shiniki-no-campiones/,https://img.noveldeglace.com/2019/01/Shiniki-no-Campiones-Image-a-la-une-Tome-05-500x250.png,"Bonjour. Comme toujours pour un mercredi, voici du : Shiniki no Campiones."
"
Réincarné en mercenaire de l’espace – Tome 4 – Illustrations
",Réincarné en mercenaire de l’espace – Tome 4 – Illustrations,https://noveldeglace.com/category/fin-de-tome/,https://img.noveldeglace.com/2021/06/Reincarne-en-mercenaire-de-lespace-Image-a-la-une-Tome-04-500x250.png,"Il est temps de finir la journée, avec du : Réincarné en mercenaire de l’espace."
"
Réincarné en mercenaire de l’espace – Tome 4 – Histoire bonus – Partie 5
",Réincarné en mercenaire de l’espace – Tome 4 – Histoire bonus – Partie 5,https://noveldeglace.com/category/reincarne-en-mercenaire-de-lespace/,https://img.noveldeglace.com/2021/06/Reincarne-en-mercenaire-de-lespace-Image-a-la-une-Tome-04-500x250.png,"Ce mardi n’est pas encore fini, alors passons sur une sortie pour le roman : Réincarné en mercenaire de l’espace."
"
Je suis le Seigneur maléfique d’un empire intergalactique ! – Tome 4 – Chapitre 2 – Partie 2
",Je suis le Seigneur maléfique d’un empire intergalactique ! – Tome 4 – Chapitre 2 – Partie 2,https://noveldeglace.com/category/je-suis-le-seigneur-malefique-dun-empire-intergalactique/,https://img.noveldeglace.com/2023/03/Je-suis-le-Seigneur-malefique-dun-empire-intergalactique-_-Image-a-la-une-Tome-04-500x250.png,"Comme tous les mardi, voici une sortie pour : Je suis le Seigneur maléfique d’un empire intergalactique !."
"
Mushoku Tensei (LN) – Tome 13 – Chapitre 9 – Partie 3
",Mushoku Tensei (LN) – Tome 13 – Chapitre 9 – Partie 3,https://noveldeglace.com/category/mushoku-tensei/,https://img.noveldeglace.com/2021/01/mushoku_tensei_image_a_la_une_tome_13.png,"Bonjour. Et pour commencer la journée, voici du : Mushoku Tensei (LN)."
"
Le Monde dans un Jeu Vidéo Otome est difficile pour la Populace – Tome 8 – Chapitre 11 – Partie 3
",Le Monde dans un Jeu Vidéo Otome est difficile pour la Populace – Tome 8 – Chapitre 11 – Partie 3,https://noveldeglace.com/category/le-monde-dans-un-jeu-video-otome-est-difficile-pour-la-populace/,https://img.noveldeglace.com/2023/03/Le-Monde-dans-un-Jeu-Video-Otome-est-difficile-pour-la-Populace-Image-a-la-une-Tome-08-500x250.png,"Il est temps de finir la journée, avec du : Le Monde dans un Jeu Vidéo Otome est difficile pour la Populace."
"
Ecstas Online – Tome 4 – Chapitre 1 – Partie 3
",Ecstas Online – Tome 4 – Chapitre 1 – Partie 3,https://noveldeglace.com/category/ecstas-online/,https://img.noveldeglace.com/2018/08/Ecstas-Online-Image-a-la-une-Tome-04.png,Et la prochaine publication pour ce lundi sera pour : Ecstas Online.
"
Le Maître de Ragnarok et la Bénédiction d’Einherjar – Tome 14 – Chapitre 5 – Partie 1
",Le Maître de Ragnarok et la Bénédiction d’Einherjar – Tome 14 – Chapitre 5 – Partie 1,https://noveldeglace.com/category/le-maitre-de-ragnarok-et-la-benediction-deinherjar/,https://img.noveldeglace.com/2018/03/The-Master-of-Ragnarok-Blesser-of-Einherjar-Tome-14-Image-a-la-une-500x250.png,Bonjour à tous nos lecteurs. Commençons avec un peu de Le Maître de Ragnarok et la Bénédiction d’Einherjar pour cette journée.
"
Bienvenue au Japon, Mademoiselle l’Elfe – Tome 8 – Chapitre 15 – Partie 7
","Bienvenue au Japon, Mademoiselle l’Elfe – Tome 8 – Chapitre 15 – Partie 7",https://noveldeglace.com/category/bienvenue-au-japon/,https://img.noveldeglace.com/2023/10/Bienvenue-au-Japon-Tome-08-Images-a-la-une.png,"Il est temps de finir ce dimanche, voici du : Bienvenue au Japon, Mademoiselle l’Elfe."
"
Le Dilemme d’un Archidémon – Tome 16 – Chapitre 1 – Partie 7
",Le Dilemme d’un Archidémon – Tome 16 – Chapitre 1 – Partie 7,https://noveldeglace.com/category/le-dilemme-dun-archidemon/,https://img.noveldeglace.com/2023/01/Le-Dilemme-dun-Archidemon-Image-a-la-une-Tome-16.png,Passons maintenant avec une sortie pour : Le Dilemme d’un Archidémon.
"
Genjitsushugisha no Oukokukaizouki – Tome 15 – Histoires courtes en bonus – Partie 2
",Genjitsushugisha no Oukokukaizouki – Tome 15 – Histoires courtes en bonus – Partie 2,https://noveldeglace.com/category/genjitsushugisha-no-oukokukaizouki/,https://img.noveldeglace.com/2021/07/Genjitsushugisha-no-Oukokukaizouk_Image_A_La_une_Tome-15.png,Il est temps de passe sur du : Genjitsushugisha no Oukokukaizouki.
"
Jinrou e no Tensei – Tome 10 – Chapitre 10 – Partie 5
",Jinrou e no Tensei – Tome 10 – Chapitre 10 – Partie 5,https://noveldeglace.com/category/jinrou-e-no-tensei/,https://img.noveldeglace.com/2023/07/Jinrou-e-no-Tensei-Image-a-la-une-Tome-10.png,Bonjour à tous. Commençons avec un peu de Jinrou e no Tensei pour ce dimanche.
"
Le manuel du prince génial pour sortir une nation de l’endettement – Tome 9 – Chapitre 3 – Partie 4
",Le manuel du prince génial pour sortir une nation de l’endettement – Tome 9 – Chapitre 3 – Partie 4,https://noveldeglace.com/category/le-manuel-du-prince-genial-pour-sortir-une-nation-de-lendettement/,https://img.noveldeglace.com/2023/01/Le-manuel-du-prince-genial-Tome-09-Image-a-la-une.png,Et finissons la journée avec une sortie pour le roman Le manuel du prince génial pour sortir une nation de l’endettement.
"
Saikyou Mahoushi no Inton Keikaku LN – Tome 8 – Chapitre 43 – Partie 2
",Saikyou Mahoushi no Inton Keikaku LN – Tome 8 – Chapitre 43 – Partie 2,https://noveldeglace.com/category/saikyou-mahoushi-no-inton-keikaku/,https://img.noveldeglace.com/2023/12/Saikyou-Mahoushi-no-Inton-Keikaku-Image-a-la-une-Tome-08.png,"Ce samedi n’est pas encore fini, alors passons sur du : Saikyou Mahoushi no Inton Keikaku (LN)."
"
Jinrou e no Tensei – Tome 10 – Chapitre 10 – Partie 4
",Jinrou e no Tensei – Tome 10 – Chapitre 10 – Partie 4,https://noveldeglace.com/category/jinrou-e-no-tensei/,https://img.noveldeglace.com/2023/07/Jinrou-e-no-Tensei-Image-a-la-une-Tome-10.png,"Bonjour à tous nos lecteurs. Afin de commencer ce samedi, voici un chapitre pour : Jinrou e no Tensei."
"
Nozomanu Fushi no Boukensha – Tome 10 – Illustrations
",Nozomanu Fushi no Boukensha – Tome 10 – Illustrations,https://noveldeglace.com/category/fin-de-tome/,https://img.noveldeglace.com/2021/04/LAventurier-Mort-Vivant-Non-Desire-Image-a-la-une-Tome-10-500x250.png,"Il est temps de finir la journée, avec du : Nozomanu Fushi no Boukensha."
"
Le Monde dans un Jeu Vidéo Otome est difficile pour la Populace – Tome 8 – Chapitre 11 – Partie 2
",Le Monde dans un Jeu Vidéo Otome est difficile pour la Populace – Tome 8 – Chapitre 11 – Partie 2,https://noveldeglace.com/category/le-monde-dans-un-jeu-video-otome-est-difficile-pour-la-populace/,https://img.noveldeglace.com/2023/03/Le-Monde-dans-un-Jeu-Video-Otome-est-difficile-pour-la-Populace-Image-a-la-une-Tome-08-500x250.png,Il est temps de passe sur du : Le Monde dans un Jeu Vidéo Otome est difficile pour la Populace.
"
Nozomanu Fushi no Boukensha – Tome 10 – Histoires courtes en bonus
",Nozomanu Fushi no Boukensha – Tome 10 – Histoires courtes en bonus,https://noveldeglace.com/category/nozomanu-fushi-no-boukensha/,https://img.noveldeglace.com/2021/04/LAventurier-Mort-Vivant-Non-Desire-Image-a-la-une-Tome-10-500x250.png,"Et maintenant, il est temps de passer sur du : Nozomanu Fushi no Boukensha."
"
Strike the Blood – Tome 10 – Chapitre 2 – Partie 6
",Strike the Blood – Tome 10 – Chapitre 2 – Partie 6,https://noveldeglace.com/category/strike-the-blood/,https://img.noveldeglace.com/2023/05/Strike-the-Blood-Image-a-la-une-10.png,"Bonjour. Pour commencer cette journée, voici du : Strike the Blood."
"
Gakusen Toshi Asterisk – Tome 7 – Chapitre 1 – Partie 1
",Gakusen Toshi Asterisk – Tome 7 – Chapitre 1 – Partie 1,https://noveldeglace.com/category/gakusen-toshi-asterisk/,https://img.noveldeglace.com/2018/10/Gakusen-Toshi-Asterisk-Image_a_la_une-Tome-07-500x250.png,"Il est temps de finir la journée, avec du : Gakusen Toshi Asterisk."
"
Saikyou Mahoushi no Inton Keikaku LN – Tome 8 – Chapitre 43 – Partie 1
",Saikyou Mahoushi no Inton Keikaku LN – Tome 8 – Chapitre 43 – Partie 1,https://noveldeglace.com/category/saikyou-mahoushi-no-inton-keikaku/,https://img.noveldeglace.com/2023/12/Saikyou-Mahoushi-no-Inton-Keikaku-Image-a-la-une-Tome-08.png,"Comme tous les jeudi, voici une sortie pour : Saikyou Mahoushi no Inton Keikaku (LN)."
"
Kimi to Boku no Saigo no Senjo – Tome 7 – Intermission
",Kimi to Boku no Saigo no Senjo – Tome 7 – Intermission,https://noveldeglace.com/category/kimi-to-boku-no-saigo-no-senjo/,https://img.noveldeglace.com/2020/02/Kimi-to-Boku-no-Saigo-no-Senjo-Image-à-la-Une-Tome-07-500x250.png,"Il est temps de passer avec la prochaine sortie pour ce jeudi, avec une publication pour le roman : Kimi to Boku no Saigo no Senjo."
"
Une vie en prison est facile pour une Vilaine – Tome 2 – Chapitre 44 – Partie 3
",Une vie en prison est facile pour une Vilaine – Tome 2 – Chapitre 44 – Partie 3,https://noveldeglace.com/category/une-vie-en-prison-est-facile-pour-une-vilaine/,https://img.noveldeglace.com/2022/12/Une-vie-en-prison-est-facile-pour-une-Vilaine-Image-a-la-une-Tome-02-500x250.png,La prochaine sortie est pour : Une vie en prison est facile pour une Vilaine.
"
Mushoku Tensei (LN) – Tome 13 – Chapitre 9 – Partie 2
",Mushoku Tensei (LN) – Tome 13 – Chapitre 9 – Partie 2,https://noveldeglace.com/category/mushoku-tensei/,https://img.noveldeglace.com/2021/01/mushoku_tensei_image_a_la_une_tome_13.png,Bonjour. Voici une sortie pour le roman Mushoku Tensei (LN) pour commencer cette journée.
